;Post_ID;Profile_Name;Post_Date;Caption;Nbr_of_Pics;Multiple_Post;Google_Maps_URL;Location;Nbr_of_likes;Nbr_of_comments;Is_video
0;tomorrowland_20130503221903;tomorrowland;2013-05-03 22:19:03;Join us now on Instagram and spread the love...;1;False;;;6411;477;False
1;tomorrowland_20130504135629;tomorrowland;2013-05-04 13:56:29;TomorrowWorld - Chattahoochee Hills USA - September 27-28-29 2013.;1;False;;;3829;37;False
2;tomorrowland_20130504135741;tomorrowland;2013-05-04 13:57:41;This is Madness...;1;False;;;3970;39;False
3;tomorrowland_20130504135909;tomorrowland;2013-05-04 13:59:09;Yesterday is History, Today is a Gift, Tomorrow is Mystery...;1;False;;;3469;22;False
4;tomorrowland_20130504135959;tomorrowland;2013-05-04 13:59:59;Hardwell performing at #Tomorrowland 2012.;1;False;;;5651;111;False
5;tomorrowland_20130504140100;tomorrowland;2013-05-04 14:01:00;Coming to #TomorrowWorld... Afrojack!;1;False;;;4748;42;False
6;tomorrowland_20130506194950;tomorrowland;2013-05-06 19:49:50;Who is ready to get caked at #TomorrowWorld? Welcome @steveaoki to our second home!;1;False;;;5902;65;False
7;tomorrowland_20130507130956;tomorrowland;2013-05-07 13:09:56;"Check out this massive new track ""WHAT"" by #Tomorrowland resident @yves_v:  http://smurl.ws/x3rore";1;False;;;4345;42;False
8;tomorrowland_20130514183555;tomorrowland;2013-05-14 18:35:55;Who's ready for the summer? #tomorrowland #tomorrowworld;1;False;;;8383;112;False
9;tomorrowland_20130601071334;tomorrowland;2013-06-01 07:13:34;Today is a gift... 55 days until the Madness! #tomorrowland;1;False;;;4849;87;False
10;tomorrowland_20130603174634;tomorrowland;2013-06-03 17:46:34;The magical way to #Tomorrowland. Soon we unite...;1;False;;;4229;24;False
11;tomorrowland_20130613102002;tomorrowland;2013-06-13 10:20:02;Home is where the heart is... #Tomorrowland;1;False;;;4938;35;False
12;tomorrowland_20130619215434;tomorrowland;2013-06-19 21:54:34;Who's ready to fly? #tomorrowland #dream;1;False;;;5844;77;False
13;tomorrowland_20130708125708;tomorrowland;2013-07-08 12:57:08;Discover The 2013 Tomorrowland Belgium Introduction... http://youtu.be/pafpfO8leX4;1;False;;;5845;102;False
14;tomorrowland_20130724052457;tomorrowland;2013-07-24 05:24:57;2 more days... #Madness #Tomorrowland;1;False;;;7579;147;False
15;tomorrowland_20130725120555;tomorrowland;2013-07-25 12:05:55;DreamVille has opened her doors. You all look beautiful and more than ready for #Tomorrowland !;1;False;;;9880;186;False
16;tomorrowland_20130725170622;tomorrowland;2013-07-25 17:06:22;The Gathering in full progress at DreamVille. Amazing vibe! #Tomorrowland #TheGathering;1;False;;;13053;164;False
17;tomorrowland_20130725184524;tomorrowland;2013-07-25 18:45:24;Be part of the friendship at TomorrowWorld… #Tomorrowland #TomorrowWorld http://bitly.com/TomorrowWorld_Tickets;1;False;;;10360;196;False
18;tomorrowland_20130725200917;tomorrowland;2013-07-25 20:09:17;Crazy beats from @Raving George just before the Sunset #TheGathering;1;False;;;7473;47;False
19;tomorrowland_20130726132136;tomorrowland;2013-07-26 13:21:36;The Arising Of Life Chapter has started now! You are the people of Tomorrowland, let's write this magnificent tale together…;1;False;;;10861;179;False
20;tomorrowland_20130726172840;tomorrowland;2013-07-26 17:28:40;First day of the Madness in full progress! #Tomorrowland;1;False;;;20846;596;False
21;tomorrowland_20130726220357;tomorrowland;2013-07-26 22:03:57;The Master at work @tiesto !;1;False;;;20484;415;False
22;tomorrowland_20130727003507;tomorrowland;2013-07-27 00:35:07;Dimitri Vegas and Like Mike this was Madness! Let's do this over at #Tomorrowworld !!;1;False;;;15998;166;False
23;tomorrowland_20130727101417;tomorrowland;2013-07-27 10:14:17;Good morning world! Rise and shine for another great day at Tomorrowland!;1;False;;;11497;136;False
24;tomorrowland_20130727123018;tomorrowland;2013-07-27 12:30:18;Yesterday was pure Madness, the People of #Tomorrowland showed their Love for the 2013 Anthem by @dimitrivegaslikemike Which just hit the number 1 spot on Beatport!;1;False;;;21361;405;False
25;tomorrowland_20130727190049;tomorrowland;2013-07-27 19:00:49;Yesterday is history, today is a gift... #Tomorrowland;1;False;;;17101;141;False
26;tomorrowland_20130727193304;tomorrowland;2013-07-27 19:33:04;He's got nothing but love for you! @Axwell now performing live at #tomorrowland !;1;False;;;20592;176;False
27;tomorrowland_20130727213016;tomorrowland;2013-07-27 21:30:16;Next Level with @Avicii !;1;False;;;22414;352;False
28;tomorrowland_20130727235952;tomorrowland;2013-07-27 23:59:52;The best DJ in the world performing for the best crowd in the world! This is what it's all about! @Armin van Buuren;1;False;;;27285;467;False
29;tomorrowland_20130728195942;tomorrowland;2013-07-28 19:59:42;@David Guetta, @Afrojack and @NickyRomero… The perfect match to enter the last night of #Tomorrowland ...;1;False;;;31639;395;False
30;tomorrowland_20130904144602;tomorrowland;2013-09-04 14:46:02;They are ready to bring home the Madness... www.bringinghomethemadness.com;1;False;;;8973;62;False
31;tomorrowland_20130906153056;tomorrowland;2013-09-06 15:30:56;Tomorrowland 2013 Official After Movie... Worldwide premiere, next Wednesday at 20H CEST sharp! Be ready to relive the Madness...;1;False;;;15359;445;False
32;tomorrowland_20130924205158;tomorrowland;2013-09-24 20:51:58;Grab your copy now at Beatport! Ocarina - The official TomorrowWorld Anthem.;1;False;;;13064;100;False
33;tomorrowland_20130926175438;tomorrowland;2013-09-26 17:54:38;DreamVille at our Second Home has opened her doors. Welcome to Chattahoochee Hills... #TomorrowWorld;1;False;;;14165;206;False
34;tomorrowland_20130927013540;tomorrowland;2013-09-27 01:35:40;The world gathers at Chattahoochee Hills for an unforgettable edition of #tomorrowworld;1;False;;;20062;158;False
35;tomorrowland_20130927173943;tomorrowland;2013-09-27 17:39:43;The next Chapter, our second home... The fairy tale continues! #TomorrowWorld @tomorrowworldofficial;1;False;;;22361;211;False
36;tomorrowland_20130928025551;tomorrowland;2013-09-28 02:55:51;Our Swedish friend, @sebingrosso , rocking the Mainstage in Chattahoochee Hills... #tomorrowworld;1;False;;;19333;102;False
37;tomorrowland_20130928075557;tomorrowland;2013-09-28 07:55:57;Tomorrowland residents, @dimitrivegas & @likemike , showing the USA what MADNESS is about at @Tomorrowworld http://t.co/5p4hejWBQj;1;False;;;22313;150;False
38;tomorrowland_20130929021522;tomorrowland;2013-09-29 02:15:22;The one and only, @Calvinharris live at the @Tomorrowworld Mainstage!;1;False;;;18506;126;False
39;tomorrowland_20130930012645;tomorrowland;2013-09-30 01:26:45;@hardwell shaking the grounds of Chattahoochee Hills at #tomorrowworld!;1;False;;;22011;259;False
40;tomorrowland_20130930041130;tomorrowland;2013-09-30 04:11:30;Most epic finale of #tomorrowworld, with @arminvanbuuren!;1;False;;;18017;146;False
41;tomorrowland_20131031191438;tomorrowland;2013-10-31 19:14:38;"Hands up for @Avicii he's coming to Belgium! Grab your tickets for his #TrueTour stop in the Antwerp Sportpaleis on february 13th 2014 HERE!http://nl.livenation.be/event/473507/avicii-tickets";1;False;;;8007;195;True
42;tomorrowland_20131104154618;tomorrowland;2013-11-04 15:46:18;"Tomorrowland resident @yves_v just released a new club banger named ""CHRONO"". Go grab this massive track now on Beatport.";1;False;;;22048;222;False
43;tomorrowland_20131113165623;tomorrowland;2013-11-13 16:56:23;What was your favorite moment last summer? #Tomorrowland;1;False;;;25534;456;False
44;tomorrowland_20131125192948;tomorrowland;2013-11-25 19:29:48;Magic can happen when you least expect it. Stay tuned...! #Tomorrowland;1;False;;;26652;308;False
45;tomorrowland_20131201174757;tomorrowland;2013-12-01 17:47:57;"Tomorrowland resident @yves_v's brand new collab with Sander Van Doorn - Direct Dizko - is now available. Grab your copy now!#Tomorrowland";1;False;;;8414;31;False
46;tomorrowland_20131202125643;tomorrowland;2013-12-02 12:56:43;Share your message with the world! www.peopleoftomorrow.com #Tomorrowland #PeopleOfTomorrow;1;False;;;12137;244;False
47;tomorrowland_20131204192047;tomorrowland;2013-12-04 19:20:47;Let's unite more hearts next summer... #Tomorrowland #2Weekends;1;False;;;13064;719;False
48;tomorrowland_20131210154737;tomorrowland;2013-12-10 15:47:37;Check out the limited Tomorrowland Finest Webstore Xmas Promo Packages and get a special holiday price on all other items. Visit store.tomorrowland.com to discover more... #tomorrowland #Xmas;1;False;;;7052;50;False
49;tomorrowland_20131220104822;tomorrowland;2013-12-20 10:48:22;Ready to bring home the Madness? Tune in tomorrow for the live stream! #dvlm #tomorrowland;1;False;;;8768;65;False
50;tomorrowland_20131225102802;tomorrowland;2013-12-25 10:28:02;Spread your wings and enjoy life... #Tomorrowland;1;False;;;20416;160;False
